44.23583333333333	145.2738888888889	知床岳
44.13333333333333	145.1613888888889	硫黄山
44.124722222222225	145.1686111111111	知円別岳
44.09527777777778	145.1436111111111	サシルイ岳
44.075833333333335	145.12222222222223	羅臼岳
43.99333333333333	145.01333333333332	遠音別岳
43.87694444444445	144.87666666666666	海別岳
43.76555555555556	144.71777777777777	斜里岳
43.668055555555554	144.70499999999998	標津岳
43.70444444444445	144.3311111111111	藻琴山
43.61027777777778	144.43861111111113	アトサヌプリ（硫黄山）
43.57222222222222	144.56083333333333	カムイヌプリ（摩周岳）
43.45416666666667	144.16472222222222	雄阿寒岳
43.38638888888889	144.00861111111112	雌阿寒岳
43.37416666666667	144.0063888888889	雌阿寒岳<阿寒富士>
43.208333333333336	143.79749999999998	ウコタキヌプリ
45.3725	141.01583333333335	礼文岳
45.17861111111111	141.24194444444444	利尻山（利尻富士）
45.16555555555556	142.00861111111112	幌尻山
44.856944444444444	142.1497222222222	パンケ山
44.961666666666666	142.42027777777775	ポロヌプリ山
44.893055555555556	142.23444444444442	敏音知岳
44.66583333333333	142.41222222222223	函岳
44.433611111111105	142.58416666666667	ピヤシリ山
44.291666666666664	143.0825	欝岳
44.22888888888889	142.8763888888889	ウェンシリ岳
44.040277777777774	142.9175	渚滑岳
43.964444444444446	142.88805555555555	天塩岳
43.906666666666666	143.04861111111111	チトカニウシ山
43.87833333333333	143.71833333333333	仁頃山
43.78	142.98527777777775	ニセイカウシュッペ山
43.73305555555556	143.17638888888888	武利岳
43.70583333333334	143.16055555555556	武華山
43.69361111111111	143.29583333333332	北見富士
43.66361111111111	142.85416666666666	大雪山<旭岳>
43.6975	142.92027777777775	大雪山<黒岳>
43.69277777777778	142.87972222222223	大雪山<北鎮岳>
43.70777777777778	142.85722222222222	大雪山<愛別岳>
43.66111111111111	142.90583333333333	大雪山<白雲岳>
43.59111111111111	142.89444444444444	忠別岳
43.52722222222222	142.8488888888889	トムラウシ山
43.47027777777778	142.75166666666666	オプタテシケ山
43.44	142.70666666666665	美瑛岳
43.41777777777777	142.6863888888889	十勝岳
43.405	142.67166666666665	上ホロカメットク山
43.39361111111111	142.635	富良野岳
43.59527777777778	143.14638888888888	三国山
43.54666666666667	143.02222222222224	石狩岳
43.56166666666666	143.03527777777776	音更山
43.45583333333334	143.03222222222223	ニペソツ山
43.38944444444444	143.08194444444444	ウペペサンケ山
43.24583333333334	143.10222222222222	東ヌプカウシヌプリ
43.17333333333333	142.78111111111113	佐幌岳
43.51916666666666	143.23333333333332	西クマネシリ岳
43.50833333333333	143.4636111111111	東三国山
43.44777777777777	143.45638888888888	喜登牛山
44.355555555555554	142.03194444444446	ピッシリ山
44.09166666666667	142.08583333333334	三頭山
43.962500000000006	141.8361111111111	ポロシリ山
43.715833333333336	141.52305555555557	暑寒別岳
43.68472222222222	141.48777777777775	群別岳
43.49194444444444	141.70666666666665	ピンネシリ
43.62916666666667	142.11027777777778	イルムケップ山
43.30916666666666	142.31166666666667	富良野西岳
43.23583333333333	142.2836111111111	芦別岳
43.22694444444445	142.15944444444446	幾春別岳
43.099722222222226	142.2511111111111	夕張岳
42.846944444444446	142.31305555555556	ハッタオマナイ岳
43.078611111111115	142.59611111111113	トマム山
42.86888888888889	142.78527777777776	芽室岳
42.84861111111111	142.885	剣山
42.82555555555556	142.67527777777778	チロロ岳
42.77305555555555	142.7275	ピパイロ岳
42.73861111111111	142.695	戸蔦別岳
42.71944444444445	142.68277777777777	幌尻岳
42.689166666666665	142.7577777777778	エサオマントッタベツ岳
42.693888888888885	142.79666666666665	札内岳
42.69555555555555	142.85944444444445	十勝幌尻岳
42.63027777777778	142.6486111111111	イドンナップ岳
42.625	142.76638888888888	カムイエクウチカウシ山
42.53944444444444	142.80805555555557	１８３９峰
42.49944444444444	142.8711111111111	ペテガリ岳
42.46805555555556	142.88444444444443	中ノ岳
42.42833333333333	142.90694444444446	神威岳
42.40222222222222	142.96666666666667	ピリカヌプリ
42.2725	143.11111111111111	楽古岳
42.07694444444445	143.23305555555555	豊似岳
42.10777777777778	143.02555555555557	アポイ岳
43.0225	141.32222222222222	藻岩山
43.07666666666667	141.1925	手稲山
43.032777777777774	141.01972222222224	余市岳
42.95527777777778	140.9125	本倶登山
42.93083333333333	141.04055555555556	無意根山
42.900277777777774	141.20055555555555	札幌岳
42.865	141.2536111111111	空沼岳
42.79333333333333	141.28527777777776	恵庭岳
42.716944444444444	141.35888888888888	風不死岳
42.690555555555555	141.37666666666666	樽前山
42.63361111111111	141.14249999999998	ホロホロ山
43.26	140.45916666666665	余別岳
43.18472222222222	140.66083333333333	天狗岳
42.90361111111111	140.46972222222223	雷電山
42.89972222222222	140.51527777777778	目国内岳
42.875	140.6588888888889	ニセコアンヌプリ
42.82666666666667	140.8113888888889	羊蹄山（蝦夷富士）
42.7725	140.9102777777778	尻別岳
42.71	140.92277777777778	貫気別山
42.71027777777778	140.65555555555556	昆布岳
42.5425	140.86444444444444	昭和新山
42.54388888888889	140.83916666666667	有珠山<大有珠>
42.769999999999996	140.21499999999997	母衣月山
42.63583333333333	140.13555555555555	大平山
42.61333333333334	139.94055555555556	狩場山
42.29527777777778	139.81055555555557	毛無山
42.219166666666666	140.01055555555555	遊楽部岳（見市岳）
42.03944444444444	140.27472222222224	乙部岳
42.06333333333333	140.6772222222222	駒ヶ岳<剣ヶ峯>
41.937777777777775	140.7713888888889	横津岳
41.80472222222222	141.16611111111112	恵山
41.75888888888889	140.70416666666665	函館山
41.85194444444445	140.23	八幡岳
41.78916666666667	140.46444444444444	桂岳
41.62416666666667	140.21416666666664	七ッ岳
41.57944444444445	140.16083333333333	大千軒岳
41.52722222222222	140.31083333333333	岩部岳
42.16027777777778	139.4427777777778	神威山
41.51	139.36722222222224	江良岳
41.439166666666665	141.05305555555557	燧岳
41.27861111111111	141.12	釜臥山
41.3875	141.44083333333333	桑畑山
41.0375	141.31722222222223	吹越烏帽子
41.15277777777778	140.58666666666667	丸屋形岳
41.12166666666667	140.40055555555557	四ッ滝山
40.79972222222222	140.57555555555555	梵珠山
40.40083333333333	141.58444444444444	階上岳（種市岳）
40.38805555555555	141.30833333333334	名久井岳
40.26888888888889	141.37444444444446	折爪岳
40.03805555555555	141.54111111111112	安家森
40.02055555555555	141.64416666666665	遠島山
39.9	141.48555555555555	三巣子岳
39.844166666666666	141.24694444444444	姫神山
39.750277777777775	141.6263888888889	堺ノ神岳
39.711666666666666	141.60444444444442	害鷹森
39.6975	141.4836111111111	青松葉山
39.72694444444445	141.78111111111113	峠ノ神山
39.558611111111105	141.4886111111111	早池峰山
39.53	141.4958333333333	薬師岳
39.53861111111111	141.975	十二神山
39.318333333333335	141.65027777777777	六角牛山
39.20527777777778	141.73222222222222	五葉山
39.20111111111111	141.40166666666667	物見山
39.05888888888889	141.66055555555556	氷上山
38.97527777777778	141.44722222222222	室根山
38.848333333333336	141.47	徳仙丈山
38.29527777777778	141.56666666666666	金華山
40.65888888888889	140.87722222222223	八甲田山<大岳>
40.653067	140.907211	八甲田山<高田大岳>
40.60305555555556	140.8425	櫛ヶ峯（上岳）
40.45305555555556	141.0013888888889	戸来岳<三ッ岳>
40.447222222222216	140.78805555555556	白地山
40.24611111111111	140.94444444444446	中岳
40.198611111111106	141.04611111111112	稲庭岳
40.145833333333336	140.84583333333333	五ノ宮嶽
40.06916666666667	141.10555555555555	七時雨山
39.97666666666667	140.54416666666665	森吉山
39.96388888888889	140.75694444444446	焼山
39.95777777777778	140.85416666666666	八幡平
39.950833333333335	140.89888888888888	八幡平<茶臼岳>
39.93583333333333	140.85055555555556	八幡平<畚岳>
39.88111111111111	140.87972222222223	大深岳
39.8525	141.0011111111111	岩手山
39.805	140.83861111111113	烏帽子岳（乳頭山）
39.76111111111111	140.79944444444445	駒ヶ岳<男女岳>
40.655833333333334	140.30305555555557	岩木山
40.52388888888889	140.04555555555555	向白神岳
40.5075	140.01833333333334	白神岳
40.434999999999995	140.11777777777777	二ッ森
40.41277777777778	140.2511111111111	駒ヶ岳
40.42861111111111	140.4088888888889	田代岳
40.06055555555555	140.2161111111111	房住山
39.79694444444444	140.31055555555557	太平山
39.81361111111111	140.51555555555555	大仏岳
39.406388888888884	140.16166666666666	東光山
39.236666666666665	140.2277777777778	八塩山
39.09916666666667	140.04888888888888	鳥海山<新山>
39.03194444444444	140.21944444444443	丁岳
39.011944444444445	140.31055555555557	甑山<男甑山>
39.00944444444445	140.2602777777778	[加無山]<男加無山>
39.933611111111105	139.8752777777778	寒風山
39.90694444444444	139.7538888888889	本山
39.587500000000006	141.05972222222223	東根山
39.57027777777778	140.75416666666666	和賀岳
39.44777777777777	140.67666666666665	真昼岳
39.348333333333336	140.86833333333334	黒森
39.16361111111111	140.82888888888888	焼石岳
38.96083333333333	140.78833333333333	栗駒山
38.9675	140.6063888888889	高松岳
38.90472222222222	140.6188888888889	虎毛山
38.83305555555556	140.69166666666666	荒雄岳
38.90222222222222	140.4922222222222	神室山
38.84027777777778	140.44861111111112	火打岳
38.78944444444444	140.4013888888889	杢蔵山
38.81083333333333	140.595	禿岳（小鏑山）
38.56583333333333	141.1786111111111	箟岳山
38.34055555555556	141.1525	大高森
38.65083333333333	140.54472222222222	翁山
38.57555555555556	140.70527777777778	<img src="https://www.gsi.go.jp/common/000208418.gif" alt="やくらいさん" border="0">
38.455555555555556	140.62	船形山（御所山）
38.411944444444444	140.70888888888888	泉ヶ岳
38.235	140.80222222222224	太白山
38.30222222222222	140.52361111111114	大東岳
38.14361111111111	140.44	蔵王山<熊野岳>
38.12777777777778	140.44805555555555	蔵王山<刈田岳>
38.09583333333334	140.47611111111112	蔵王山<<img src="https://www.gsi.go.jp/common/000208419.gif" alt="びょうぶだけ" border="0">>
38.07555555555556	140.4788888888889	蔵王山<不忘山（御前岳）>
38.084722222222226	140.6075	青麻山
37.87444444444444	140.27	栗子山
37.770833333333336	140.46166666666664	信夫山
37.73833333333334	140.14083333333332	西吾妻山
37.73388888888889	140.1277777777778	西吾妻山<西大巓>
37.754444444444445	140.1888888888889	西吾妻山<東大巓>
37.711666666666666	140.2302777777778	東吾妻山
37.73527777777778	140.24444444444444	東吾妻山<一切経山>
37.72222222222222	140.26361111111112	東吾妻山<吾妻小富士>
37.64722222222222	140.28083333333333	箕輪山
37.63305555555556	140.28305555555556	安達太良山<鉄山>
37.62111111111111	140.28777777777776	安達太良山
37.60111111111111	140.07222222222222	磐梯山
38.76305555555555	139.74749999999997	高館山　
38.68222222222222	139.79805555555555	金峯山
38.7025	139.98277777777778	羽黒山
38.54888888888889	140.02694444444447	月山
38.52916666666667	140.21055555555554	葉山
38.62	139.63083333333333	温海岳
38.52027777777778	139.7277777777778	摩耶山
38.34305555555556	139.8491666666667	以東岳
38.260555555555555	139.92222222222222	朝日岳<大朝日岳>
38.1975	139.87972222222223	祝瓶山　
38.221944444444446	139.6688888888889	鷲ヶ巣山
38.361111111111114	139.51083333333332	新保岳
38.22277777777778	140.17305555555555	白鷹山
37.942499999999995	139.60888888888888	<img src="https://www.gsi.go.jp/common/000208423.gif" alt="えぶりさしだけ" border="0">
37.88	139.63861111111112	北股岳
37.85472222222222	139.7072222222222	飯豊山
37.83277777777778	139.6602777777778	大日岳
37.89972222222222	139.49916666666667	二王子岳
37.801111111111105	139.34555555555556	五頭山
37.72916666666667	139.6497222222222	高陽山
37.81388888888888	139.92555555555555	飯森山
37.76888888888889	140.6875	霊山
37.543055555555554	140.6836111111111	日山（天王山）
37.466944444444444	140.6888888888889	鎌倉岳
37.355000000000004	140.70166666666665	大滝根山
37.21055555555556	140.8675	屹兎屋山
37.26583333333333	140.53472222222223	蓬田岳
37.051944444444445	140.7625	三大明神山
36.71083333333333	140.56222222222223	竪破山
36.72416666666667	140.41972222222222	男体山
36.62111111111111	140.58777777777777	高鈴山
36.930277777777775	140.27305555555557	八溝山
36.32194444444445	140.2011111111111	吾国山
36.29888888888889	140.1436111111111	加波山
36.22527777777778	140.10666666666665	筑波山
37.150277777777774	139.96138888888888	三本槍岳
37.124722222222225	139.96305555555554	那須岳<茶臼岳>
37.08527777777778	139.82194444444445	男鹿岳
37.06361111111111	139.84444444444446	大佐飛山
36.9	139.77666666666667	高原山<釈迦ヶ岳>
36.811388888888885	139.5363888888889	女峰山
36.79527777777778	139.50722222222222	女峰山<大真名子山>
36.80722222222222	139.51083333333332	女峰山<小真名子山>
36.81777777777778	139.48277777777778	太郎山
36.765	139.4908333333333	男体山
36.79861111111111	139.37583333333333	白根山
36.69	139.33694444444444	皇海山
36.67305555555555	139.36111111111111	庚申山
36.64944444444444	139.32722222222222	袈裟丸山
36.61972222222222	139.52222222222224	横根山
36.56027777777778	139.19333333333333	赤城山<黒檜山>
36.54111111111111	139.1772222222222	赤城山<地蔵岳>
37.363055555555555	139.7147222222222	博士山
37.325833333333335	139.88666666666666	小野岳
37.12416666666667	139.6575	七ヶ岳<一番岳>
37.03611111111111	139.6436111111111	荒海山（太郎岳）
36.974444444444444	139.47833333333332	田代山
36.969722222222224	139.45999999999998	帝釈山
36.90888888888889	139.3936111111111	黒岩山
36.882777777777775	139.37166666666667	鬼怒沼山
37.221111111111114	139.33972222222223	朝日岳
37.172777777777775	139.33472222222224	丸山岳
37.0475	139.3536111111111	駒ヶ岳
37.00194444444445	139.17083333333332	平ヶ岳
36.956944444444446	139.21055555555554	景鶴山
36.955000000000005	139.28527777777776	燧ヶ岳<<img src="https://www.gsi.go.jp/common/000208426.gif" alt="しばやすぐら" border="0">>
36.90361111111111	139.17333333333332	至仏山
36.805277777777775	139.13250000000002	武尊山
37.52194444444444	139.42583333333331	御神楽岳
37.555277777777775	139.18861111111113	粟ヶ岳
37.5125	139.26611111111111	矢筈岳
37.397777777777776	139.13666666666666	守門岳
37.343611111111116	139.2336111111111	浅草岳
37.25666666666667	139.17527777777778	毛猛山
37.18333333333333	139.18944444444446	未丈ヶ岳
37.12361111111111	139.07527777777778	駒ヶ岳
37.10388888888889	139.02472222222224	八海山<入道岳>
37.08527777777778	139.0775	中ノ岳
37.10055555555556	139.14805555555554	荒沢岳
36.99472222222222	139.05	下津川山
36.978611111111114	138.96416666666664	巻機山
36.902499999999996	138.92694444444444	大源太山
36.88055555555555	138.9725	朝日岳
36.859722222222224	138.96722222222223	朝日岳<白毛門>
36.84916666666667	138.91666666666666	谷川岳<茂倉岳>
36.84722222222222	138.92444444444445	谷川岳<一ノ倉岳>
36.83722222222222	138.92999999999998	谷川岳<オキノ耳>
36.82416666666667	138.87916666666666	万太郎山
36.8175	138.83944444444447	仙ノ倉山
36.74638888888889	138.9272222222222	吾妻耶山
36.84583333333334	138.6902777777778	苗場山
36.77222222222222	138.67055555555555	佐武流山
36.738055555555555	138.69361111111112	白砂山
36.83916666666667	138.5838888888889	鳥甲山
36.799166666666665	138.4038888888889	高社山（高井富士）
36.75277777777778	138.56805555555556	岩菅山<裏岩菅山>
36.74194444444444	138.55944444444447	岩菅山
36.70027777777778	138.51583333333335	志賀山
36.67666666666666	138.4813888888889	笠ヶ岳
36.66888888888889	138.52583333333334	横手山
36.64388888888889	138.5277777777778	白根山
36.62277777777778	138.53194444444446	本白根山
36.541666666666664	138.41305555555556	四阿山
36.549166666666665	138.39527777777778	四阿山<根子岳>
36.43472222222222	138.4011111111111	湯ノ丸山
36.419444444444444	138.44722222222222	篭ノ登山<東篭ノ登山>
36.406666666666666	138.52305555555557	浅間山
36.453611111111115	138.6525	浅間隠山
36.41083333333333	138.64555555555555	鼻曲山
36.4775	138.85083333333333	榛名山<掃部ヶ岳>
36.591944444444444	138.99777777777777	子持山
36.29861111111111	138.74888888888887	妙義山<相馬岳>
36.20388888888889	138.63722222222222	荒船山
36.14361111111111	138.84333333333333	赤久縄山
36.15222222222222	138.91833333333332	御荷鉾山<西御荷鉾山>
36.069722222222225	138.8636111111111	二子山
36.02333333333333	138.8413888888889	両神山
36.03388888888889	138.60666666666665	御座山
35.9175	138.7277777777778	三宝山
35.90888888888889	138.7288888888889	甲武信ヶ岳
35.91888888888889	138.5211111111111	横尾山
35.89333333333333	138.59194444444446	瑞牆山
35.87138888888889	138.6252777777778	金峰山
35.87444444444444	138.64249999999998	朝日岳
35.87083333333334	138.67305555555555	国師ヶ岳
35.868611111111115	138.67083333333332	北奥千丈岳
35.823055555555555	138.71499999999997	乾徳山
35.781666666666666	138.66416666666666	小楢山
35.794999999999995	138.51388888888888	茅ヶ岳
36.005833333333335	139.19	堂平山
35.95166666666667	139.0977777777778	武甲山
35.926944444444445	139.16055555555556	伊豆ヶ岳
35.850833333333334	139.10694444444445	川乗山
35.89722222222222	139.0102777777778	酉谷山
35.855555555555554	138.9438888888889	雲取山
35.89944444444444	138.87805555555556	白石山
35.867777777777775	138.8452777777778	唐松尾山
35.84	138.89222222222222	大洞山（飛龍山）
35.78861111111111	138.83583333333334	鶏冠山（黒川山）
35.74888888888889	138.84555555555556	大菩薩嶺
35.716944444444444	138.85666666666665	小金沢山
35.68694444444444	138.885	雁ケ腹摺山
35.66777777777777	139.0213888888889	権現山
35.63722222222222	139.01388888888888	権現山<扇山>
35.73916666666667	139.01388888888888	三頭山
35.765277777777776	139.1302777777778	大岳山
35.65222222222222	139.16666666666666	陣馬山（陣場山）
35.625277777777775	139.2436111111111	高尾山
35.1625	140.15222222222223	清澄山<妙見山>
35.25555555555555	139.97166666666666	鹿野山
35.16027777777778	139.84083333333334	鋸山
35.098888888888894	139.8813888888889	富山
35.10722222222223	139.9138888888889	伊予ヶ岳
35.115	139.98694444444442	愛宕山
34.96416666666667	139.7777777777778	大山
35.25	139.62805555555556	大楠山
35.44083333333333	139.2313888888889	大山
35.48638888888889	139.13888888888888	丹沢山<蛭ヶ岳>
35.47416666666667	139.1627777777778	丹沢山
35.45416666666667	139.16333333333333	丹沢山<塔ノ岳（塔ヶ岳）>
35.51083333333333	139.0686111111111	大室山
35.48694444444445	138.93166666666664	御正体山
35.46388888888889	138.97861111111112	菰釣山
35.549166666666665	138.80916666666667	三ッ峠山
35.551944444444445	138.74944444444443	黒岳
35.56305555555555	138.72027777777777	黒岳<釈迦ヶ岳>
35.52861111111111	138.68333333333334	節刀ヶ岳
35.36083333333333	138.7275	富士山<剣ヶ峯>
35.238055555555555	138.7938888888889	愛鷹山<越前岳>
35.41583333333333	138.5438888888889	毛無山
35.32916666666667	138.53666666666666	天子ヶ岳
35.233333333333334	139.02083333333334	箱根山<神山>
35.28972222222222	139.005	箱根山<金時山>
35.08166666666667	139.02805555555557	玄岳
34.903055555555554	139.09472222222223	大室山
34.86277777777778	139.00166666666666	天城山<万三郎岳>
34.955000000000005	138.83916666666667	達磨山
34.788333333333334	138.86805555555557	長九郎山
34.724444444444444	139.39444444444444	三原山<三原新山>
34.52027777777778	139.27916666666667	宮塚山
34.21944444444445	139.15305555555557	天上山
34.093611111111116	139.52611111111113	雄山
33.87444444444444	139.60194444444443	御山
33.136944444444445	139.76611111111111	西山（八丈富士）
30.483888888888888	140.30305555555557	硫黄山
27.073333333333334	142.2186111111111	中央山
26.659444444444442	142.1613888888889	乳房山
25.428055555555556	141.28083333333333	榊ヶ峰
24.750555555555554	141.28916666666666	摺鉢山（パイプ山）
24.233888888888888	141.4633333333333	[南硫黄島]
38.10388888888889	138.34972222222223	金北山
37.95861111111111	138.47972222222222	大地山
37.70472222222222	138.8088888888889	弥彦山
37.28944444444444	138.48388888888888	米山
37.226111111111116	138.59222222222223	黒姫山
37.032222222222224	138.4933333333333	菱ヶ岳
36.837500000000006	138.27444444444447	斑尾山
37.02861111111111	138.0263888888889	鉾ヶ岳
36.94277777777778	137.94833333333332	駒ヶ岳
36.93194444444444	137.9688888888889	鋸岳
36.920833333333334	138.03583333333333	焼山
36.901944444444446	137.96249999999998	雨飾山
36.922777777777775	138.06805555555556	火打山
36.89138888888889	138.11333333333331	妙高山
36.81333333333333	138.12722222222223	黒姫山
36.8	138.05194444444444	高妻山
36.77027777777778	138.055	戸隠山
36.739444444444445	138.1336111111111	飯縄山（飯綱山）
36.64972222222222	138.01916666666668	虫倉山
36.48416666666667	138.0213888888889	聖山
36.46888888888889	138.10666666666665	冠着山（姨捨山）
36.225833333333334	138.1075	美ヶ原<王ヶ頭>
36.16305555555555	138.05916666666667	鉢伏山
36.10305555555556	138.19666666666666	霧ヶ峰<車山>
36.103611111111114	138.295	蓼科山
36.087500000000006	138.32	横岳
36.07555555555556	138.3311111111111	縞枯山
36.01916666666666	138.35555555555555	天狗岳
35.996944444444445	138.35055555555556	峰の松目
35.99861111111111	138.37	硫黄岳
35.98583333333333	138.3727777777778	横岳
35.97083333333334	138.37	赤岳
35.97222222222222	138.35888888888888	阿弥陀岳
35.94972222222222	138.35972222222222	権現岳
35.95	138.335	権現岳<西岳>
35.94222222222222	138.36388888888888	権現岳<三ッ頭>
35.94166666666666	138.345	編笠山
36.97666666666667	137.79	黒姫山
36.94083333333333	137.82194444444445	明星山
36.90694444444444	137.71555555555554	犬ヶ岳
36.82666666666667	137.73	朝日岳
36.79472222222222	137.75416666666666	雪倉岳
36.780277777777776	137.74944444444443	鉢ヶ岳
36.77361111111111	137.77611111111113	小蓮華山
36.78861111111111	137.79916666666668	乗鞍岳
36.814166666666665	137.8388888888889	風吹岳
36.75861111111111	137.75861111111112	白馬岳
36.757777777777775	137.7458333333333	旭岳
36.764722222222225	137.7188888888889	清水岳
36.74055555555556	137.75916666666666	杓子岳
36.731388888888894	137.7552777777778	鑓ヶ岳
36.68722222222222	137.75472222222223	唐松岳
36.65833333333333	137.75277777777776	五龍岳
36.62444444444444	137.74694444444444	鹿島槍ヶ岳
36.58833333333334	137.75083333333333	爺ヶ岳
36.57694444444445	137.7133333333333	岩小屋沢岳
36.56861111111112	137.69555555555556	鳴沢岳
36.56194444444444	137.6875	赤沢岳
36.54416666666666	137.685	スバリ岳
36.53805555555555	137.68444444444444	針ノ木岳
36.53583333333333	137.71055555555554	蓮華岳
36.5175	137.70555555555555	北葛岳
36.49527777777778	137.66722222222222	不動岳
36.49	137.65305555555557	南沢岳
36.47944444444445	137.65083333333334	烏帽子岳
36.45472222222222	137.64944444444444	三ッ岳
36.43277777777777	137.63777777777776	野口五郎岳
36.413333333333334	137.64166666666665	南真砂岳
36.461666666666666	137.60333333333332	赤牛岳
36.42638888888889	137.60277777777776	水晶岳（黒岳）
36.41111111111111	137.59111111111113	祖父岳
36.403055555555554	137.6052777777778	鷲羽岳
36.39	137.58777777777777	三俣蓮華岳
36.76166666666666	137.56361111111113	僧ヶ岳
36.70111111111111	137.59083333333334	毛勝山
36.68111111111111	137.5902777777778	猫又山
36.64111111111111	137.62583333333333	池平山
36.623333333333335	137.61694444444444	剱岳
36.597500000000004	137.62027777777777	別山
36.6025	137.60888888888888	剱御前
36.598333333333336	137.58083333333332	奥大日岳
36.599444444444444	137.55	大日岳
36.586666666666666	137.62	真砂岳
36.575833333333335	137.61972222222224	立山<大汝山>
36.571111111111115	137.58972222222223	国見岳
36.56472222222222	137.60722222222222	龍王岳
36.568333333333335	137.6036111111111	龍王岳<浄土山>
36.54194444444444	137.58722222222224	鷲岳
36.534166666666664	137.58583333333334	鳶山
36.515	137.58305555555555	越中沢岳
36.54	137.47805555555556	鍬崎山
36.46888888888889	137.54472222222222	薬師岳
36.42111111111111	137.51222222222222	北ノ俣岳（上ノ岳）
36.3925	137.54	黒部五郎岳（中ノ俣岳）
36.371944444444445	137.58722222222224	双六岳
36.36666666666667	137.60777777777778	樅沢岳
36.349444444444444	137.59666666666666	弓折岳
36.32777777777778	137.575	抜戸岳
36.315555555555555	137.55027777777778	笠ヶ岳
36.28194444444444	137.54722222222222	錫杖岳
36.38055555555555	137.65055555555557	硫黄岳
36.461111111111116	137.71666666666667	唐沢岳
36.447222222222216	137.7361111111111	餓鬼岳
36.40694444444444	137.71277777777777	燕岳
36.39111111111111	137.77055555555557	有明山
36.365	137.7011111111111	大天井岳
36.35333333333333	137.71555555555554	東天井岳
36.3425	137.72694444444446	横通岳
36.32555555555556	137.7275	常念岳
36.2875	137.72611111111112	蝶ヶ岳
36.274166666666666	137.7433333333333	大滝山
36.343333333333334	137.68416666666667	赤岩岳
36.33722222222222	137.67944444444444	西岳
36.32916666666667	137.6797222222222	赤沢山
36.341944444444444	137.64749999999998	槍ヶ岳
36.33583333333333	137.64583333333331	大喰岳
36.32972222222222	137.64666666666665	中岳
36.31888888888889	137.65083333333334	南岳
36.302499999999995	137.65194444444444	北穂高岳
36.295833333333334	137.64694444444444	涸沢岳
36.28916666666667	137.64805555555554	奥穂高岳
36.28194444444444	137.66055555555556	前穂高岳
36.278888888888886	137.62916666666666	西穂高岳
36.22694444444445	137.58694444444444	焼岳
36.221111111111114	137.64055555555555	霞沢岳
36.16361111111111	137.59055555555557	十石山
36.19416666666666	137.52222222222224	輝山
36.10638888888889	137.5536111111111	乗鞍岳<剣ヶ峰>
36.026666666666664	137.5991666666667	鎌ヶ峰
36.086666666666666	137.75472222222223	鉢盛山
35.89277777777778	137.4802777777778	御嶽山<剣ヶ峰>
35.785555555555554	137.39694444444444	小秀山
35.681666666666665	137.50722222222222	奥三界岳
35.69583333333333	137.3438888888889	尾城山
35.57194444444445	137.40027777777777	二ッ森山
35.91277777777778	137.86249999999998	経ヶ岳
35.84805555555556	137.81	大棚入山
35.80333333333333	137.82694444444445	将棊頭山
35.81472222222222	137.82166666666666	将棊頭山<茶臼山>
35.78944444444444	137.80444444444444	駒ヶ岳
35.78138888888889	137.80916666666667	駒ヶ岳<宝剣岳>
35.79666666666667	137.7861111111111	駒ヶ岳<麦草岳>
35.766666666666666	137.79416666666665	三沢岳
35.75194444444445	137.81333333333333	檜尾岳
35.73916666666667	137.80333333333334	熊沢岳
35.72527777777778	137.80555555555557	東川岳
35.71888888888889	137.81722222222223	空木岳
35.70138888888889	137.81083333333333	南駒ヶ岳
35.70611111111111	137.81555555555556	南駒ヶ岳< 赤梛岳>
35.69222222222222	137.81361111111113	仙涯嶺
35.67944444444444	137.80333333333334	越百山
35.63055555555555	137.77444444444447	安平路山
35.61277777777778	137.73749999999998	摺古木山
35.5925	137.64416666666665	南木曽岳
35.54944444444444	137.7838888888889	風越山（権現山）
35.44361111111111	137.59722222222223	恵那山
35.9675	138.09333333333333	守屋山
35.896388888888886	138.17166666666665	入笠山
35.778888888888886	138.20999999999998	鋸岳
35.75805555555556	138.23666666666665	駒ヶ岳
35.75472222222222	138.23083333333332	駒津峰
35.75083333333333	138.2213888888889	双児山
35.73166666666667	138.24138888888888	アサヨ峰
35.738055555555555	138.23416666666665	アサヨ峰<栗沢山>
35.709722222222226	138.28777777777776	高嶺
35.71222222222222	138.29861111111111	地蔵ヶ岳
35.70166666666667	138.30472222222224	観音ヶ岳
35.69611111111111	138.31166666666667	薬師ヶ岳
35.67638888888889	138.32194444444445	辻山
35.586666666666666	138.36916666666667	櫛形山
35.72	138.1836111111111	仙丈ヶ岳
35.689166666666665	138.19416666666666	伊那荒倉岳
35.700833333333335	138.23999999999998	小太郎山
35.67444444444444	138.23888888888888	北岳
35.64611111111111	138.22833333333332	間ノ岳
35.624722222222225	138.2302777777778	農鳥岳<西農鳥岳>
35.62111111111111	138.23694444444442	農鳥岳
35.62166666666667	138.26944444444444	大唐松山
35.60611111111111	138.23583333333332	広河内岳
35.59305555555556	138.2433333333333	大籠岳
35.571111111111115	138.24388888888887	笹山
35.644444444444446	138.1861111111111	黒檜山
35.62305555555555	138.20305555555555	安倍荒倉岳
35.60722222222223	138.20527777777778	新蛇抜山
35.594722222222224	138.19444444444446	北荒川岳
35.573056	138.183611	塩見岳
35.55694444444444	138.2072222222222	蝙蝠岳
35.53944444444444	138.2263888888889	徳右衛門岳
35.57083333333334	138.15166666666667	本谷山
35.745	138.05194444444444	戸倉山（伊那富士）
35.55361111111111	138.1536111111111	烏帽子岳
35.53777777777778	138.15305555555557	小河内岳
35.525277777777774	138.1263888888889	小日影山
35.52222222222222	138.13833333333332	大日影山
35.518055555555556	138.1461111111111	板屋岳
35.50083333333333	138.1825	東岳（悪沢岳）
35.49666666666667	138.16694444444442	荒川岳<中岳>
35.494166666666665	138.16416666666666	荒川岳<前岳>
35.461111111111116	138.15722222222223	赤石岳
35.485	138.06916666666666	奥茶臼山
35.49194444444444	137.99027777777778	鬼面山
35.44888888888889	138.12027777777777	大沢岳
35.44277777777778	138.12194444444447	中盛丸山
35.42861111111111	138.1211111111111	兎岳
35.422777777777775	138.13972222222222	聖岳<前聖岳>
35.38972222222222	138.15277777777777	上河内岳
35.369166666666665	138.14055555555555	茶臼岳
35.36083333333333	138.12722222222223	仁田岳
35.338055555555556	138.0838888888889	光岳
35.33027777777778	138.03833333333333	池口岳
35.30166666666666	137.9922222222222	白倉山
35.263333333333335	137.89499999999998	熊伏山
35.25611111111111	138.16166666666666	大無間山
35.23555555555556	138.04111111111112	不動岳
35.19611111111111	138.02944444444446	黒法師岳
35.126111111111115	138.03527777777776	蕎麦粒山
35.11555555555556	138.0036111111111	高塚山
35.096111111111114	137.96583333333334	京丸山
34.98166666666667	137.8661111111111	秋葉山
34.9075	138.05666666666667	八高山
35.424166666666665	138.25944444444445	笊ヶ岳
35.40861111111111	138.25833333333332	布引山
35.36972222222222	138.22861111111112	青薙山
35.3975	138.4163888888889	身延山
35.36944444444445	138.3488888888889	七面山
35.30444444444444	138.28527777777776	山伏
35.25361111111111	138.37805555555556	十枚山
35.24777777777778	138.42638888888888	篠井山
35.17861111111111	138.43805555555556	[高ドッキョウ]
35.08833333333334	138.4036111111111	竜爪山
34.96611111111111	138.46805555555556	久能山
35.2275	137.65555555555556	茶臼山
35.152499999999996	137.49499999999998	鷹ノ巣山
34.98416666666667	137.58277777777778	鳳来寺山
34.90972222222222	137.42055555555555	本宮山
35.20583333333334	137.16694444444442	猿投山
35.43333333333333	136.7813888888889	金華山
37.42861111111111	137.1625	宝立山
37.37777777777778	136.97083333333333	鉢伏山
36.96555555555556	136.97083333333333	石動山
36.78194444444444	136.81305555555556	宝達山
36.79	137.01527777777778	二上山
36.54111111111111	137.03166666666667	牛岳
36.41555555555556	137.11222222222221	白木峰
36.37888888888889	137.04888888888888	金剛堂山
36.348888888888894	136.93972222222223	人形山
36.338055555555556	136.95	三ヶ辻山
36.225833333333334	136.9427777777778	猿ヶ馬場山
36.198055555555555	136.96027777777778	御前岳
36.25333333333333	137.29861111111111	大雨見山
36.038333333333334	137.19666666666666	位山
36.00833333333333	137.14944444444444	川上岳
35.94027777777777	136.9713888888889	鷲ヶ岳
36.54055555555556	136.98305555555555	八乙女山
36.477222222222224	136.9427777777778	高清水山
36.51277777777778	136.79611111111112	医王山<奥医王山>
36.373333333333335	136.71555555555554	口三方岳
36.37111111111111	136.77361111111114	高三郎山
36.36527777777778	136.8036111111111	大門山
36.32055555555556	136.78972222222222	大笠山
36.29861111111111	136.79222222222222	笈ヶ岳
36.25805555555556	136.84444444444446	三方岩岳
36.178888888888885	136.86027777777778	三方崩山
36.17111111111111	136.75861111111112	七倉山
36.155	136.7713888888889	白山<御前峰>
36.15222222222222	136.73555555555555	白山釈迦岳
36.105555555555554	136.76583333333335	別山
36.05694444444444	136.7397222222222	願教寺山
36.01277777777778	136.73250000000002	野伏ヶ岳
36.00138888888889	136.83777777777777	大日ヶ岳
36.0675	136.66194444444446	赤兎山
36.046388888888885	136.62194444444447	経ヶ岳
36.26583333333333	136.61555555555554	鷲走ヶ岳
36.161944444444444	136.49305555555554	大日山
36.18861111111111	136.36388888888888	富士写ヶ岳
36.125	136.39277777777778	浄法寺山
36.07916666666667	136.0838888888889	国見岳
35.85916666666667	136.20749999999998	日野山
35.88611111111111	136.43916666666666	部子山
35.93416666666666	136.6013888888889	荒島岳
35.809999999999995	136.7188888888889	平家岳
35.67194444444444	136.85916666666665	高賀山
35.79694444444444	136.62666666666666	<img src="https://www.gsi.go.jp/common/000208432.gif" alt="びょうぶざん" border="0"> 
35.809444444444445	136.50583333333333	姥ヶ岳
35.7625	136.51416666666665	能郷白山（権現山）
35.77972222222222	136.40944444444446	冠山
35.683611111111105	136.3	三周ヶ岳
35.55	136.33722222222224	金糞岳
35.41777777777777	136.4063888888889	伊吹山
35.27916666666667	136.3813888888889	霊仙山
35.28361111111111	136.51111111111112	笙ヶ岳
35.26305555555555	136.52333333333334	養老山
35.17861111111111	136.415	御池岳
35.11944444444445	136.4452777777778	竜ヶ岳
35.02055555555555	136.41777777777776	御在所山
35.02111111111111	136.38416666666666	雨乞岳
34.88972222222222	136.32083333333332	高畑山
34.81722222222223	136.26055555555555	霊山
34.76638888888889	136.37444444444446	経が峰
34.73416666666667	136.29666666666665	笠取山
35.264722222222225	135.89694444444444	武奈ヶ岳
35.202222222222225	135.83527777777778	皆子山
35.20944444444445	135.88583333333332	蓬莱山
35.06583333333333	135.83444444444444	比叡山<大比叡>
34.97694444444445	135.85305555555556	音羽山
35.050555555555555	136.03777777777776	三上山
34.830555555555556	135.90833333333333	鷲峰山
34.75194444444445	135.95055555555555	笠置山
34.691111111111105	135.85444444444442	若草山（三笠山）
34.535	135.86694444444444	三輪山
34.514722222222225	135.8052777777778	耳成山
34.49583333333334	135.81833333333333	天香久山
34.4925	135.78472222222223	畝傍山
34.67833333333333	135.67888888888888	生駒山
34.61277777777778	135.66833333333332	信貴山
34.52583333333333	135.67749999999998	二上山<雄岳>
34.45611111111111	135.6822222222222	葛城山
34.419444444444444	135.67305555555555	金剛山
34.37416666666667	135.5511111111111	岩湧山
34.34805555555556	135.43444444444444	葛城山
34.30833333333333	135.20777777777778	俎石山
34.54666666666667	136.43277777777777	堀坂山
34.5575	136.21972222222223	尼ケ岳
34.530833333333334	136.17027777777775	倶留尊山
34.46055555555556	136.32694444444445	局ヶ岳
34.448611111111106	136.20638888888888	三峰山
34.42861111111111	136.08833333333334	高見山
34.440555555555555	135.89777777777778	竜門岳
34.461111111111116	136.7813888888889	朝熊ヶ岳
34.37305555555555	136.51583333333335	七洞岳
34.35	136.20749999999998	迷岳
34.37583333333333	136.08666666666667	国見山
34.316111111111105	136.12944444444446	池木屋山
34.293055555555554	136.04694444444445	白鬚岳
34.18527777777778	136.10916666666665	大台ヶ原山<日出ヶ岳>
34.2525	135.94111111111113	山上ヶ岳
34.22777777777778	135.96277777777777	大普賢岳
34.18	135.90944444444446	弥山
34.17361111111111	135.9075	八経ヶ岳
34.13444444444444	135.91305555555556	仏生嶽
34.114444444444445	135.90305555555557	釈迦ヶ岳
34.05833333333333	135.89694444444444	涅槃岳
33.98277777777778	135.8983333333333	笠捨山
33.92666666666666	135.83166666666665	玉置山
34.03194444444444	136.1472222222222	高峰山
33.794444444444444	135.93055555555554	子ノ泊山
34.238055555555555	135.4113888888889	龍門山
34.105000000000004	135.33416666666667	生石ヶ峰
34.01583333333333	135.37222222222223	白馬山
34.0775	135.65083333333334	伯母子岳
34.0575	135.56694444444443	護摩壇山
33.94888888888889	135.6313888888889	牛廻山
33.899166666666666	135.65277777777777	冷水山
33.72694444444445	135.71388888888887	大塔山
33.725833333333334	135.6652777777778	法師山
33.69611111111111	135.90083333333334	那智山<烏帽子山>
33.593611111111116	135.54694444444445	善司ノ森山
35.58972222222222	136.02472222222224	野坂岳
35.55777777777777	135.945	雲谷山
35.5575	135.7336111111111	久須夜ヶ岳
35.391666666666666	135.81	百里ヶ岳
35.45194444444445	135.66	飯盛山
35.505	135.48388888888888	青葉山
35.3775	135.53444444444443	頭巾山
35.30333333333333	135.4738888888889	長老ヶ岳
35.159166666666664	135.71722222222223	桟敷ヶ岳
35.06027777777778	135.63416666666666	愛宕山
34.93527777777778	135.6238888888889	ポンポン山
34.928888888888885	135.46722222222223	妙見山
34.97416666666667	135.47666666666666	歌垣山
35.00361111111111	135.4038888888889	剣尾山
35.12722222222222	135.24499999999998	三嶽
35.04611111111111	135.13472222222222	白髪岳
35.695277777777775	135.20416666666665	太鼓山
35.54861111111111	135.03805555555556	磯砂山
35.45333333333333	135.10666666666665	大江山（千丈ヶ嶽）
35.42194444444444	134.91583333333335	東床尾山
35.61194444444445	134.78555555555556	来日岳
34.778055555555554	135.26361111111112	六甲山
34.73305555555556	135.20416666666665	摩耶山
34.49722222222222	134.94333333333333	妙見山
34.235	134.81416666666666	諭鶴羽山
35.272777777777776	134.91555555555556	粟鹿山
35.14472222222222	134.8838888888889	千ヶ峰
35.064166666666665	134.83472222222224	笠形山
35.62111111111111	134.5627777777778	久斗山
35.47083333333334	134.63805555555555	蘇武岳
35.410555555555554	134.64388888888888	妙見山
35.266666666666666	134.60055555555556	藤無山
35.19166666666666	134.7275	段ヶ峰
35.07277777777778	134.6511111111111	雪彦山
35.439722222222215	134.44083333333333	扇ノ山
35.39527777777778	134.5363888888889	鉢伏山
35.35388888888889	134.51388888888888	氷ノ山（須賀ノ山）
35.236666666666665	134.46277777777777	三室山
35.29222222222222	134.38305555555556	東山
35.24805555555556	134.35666666666665	沖ノ山
35.18694444444444	134.41111111111112	後山
35.17166666666667	134.18027777777777	那岐山
34.89277777777778	134.6563888888889	書写山
34.90833333333333	134.38083333333333	白旗山
34.92305555555555	134.25222222222223	八塔寺山
34.74472222222222	133.94083333333333	金山
34.89888888888889	133.70694444444444	大平山
36.25666666666667	133.33055555555555	大満寺山
36.07472222222223	133.03194444444446	焼火山
35.507777777777775	132.9763888888889	朝日山
35.4125	132.75277777777776	鼻高山
35.36027777777778	134.0511111111111	高鉢山
35.25944444444445	133.975	花知ヶ仙
35.25194444444445	133.815	津黒山
35.325	133.66333333333333	蒜山<上蒜山>
35.38666666666666	133.58083333333332	矢筈ヶ山
35.37111111111111	133.54611111111112	大山<剣ヶ峰>
35.35583333333334	133.57027777777776	烏ヶ山
35.23555555555556	133.51472222222222	毛無山
35.22972222222222	133.47027777777777	宝仏山
35.14194444444444	133.6772222222222	星山
35.152499999999996	133.4011111111111	花見山
35.13361111111111	133.3552777777778	大倉山
35.155833333333334	133.1786111111111	船通山
35.06944444444445	133.23277777777778	道後山
35.05166666666666	133.06555555555556	比婆山<立烏帽子山>
35.07	133.05222222222224	比婆山<烏帽子山>
35.081388888888895	132.96777777777777	猿政山
35.087500000000006	132.85444444444442	大万木山
35.04805555555556	132.78250000000003	琴引山（弥山）
35.14055555555556	132.62166666666667	三瓶山<男三瓶山>
35.06388888888888	132.4286111111111	大江高山
34.74805555555556	133.22166666666666	星居山
34.64888888888889	133.15666666666667	岳山
34.45583333333334	133.08333333333334	龍王山
34.566111111111105	132.7461111111111	鷹ノ巣山
34.521388888888886	132.57555555555555	白木山
34.422777777777775	132.54777777777778	呉娑々宇山
34.26222222222222	132.66611111111112	野呂山（膳棚山）
34.9175	132.50194444444443	冠山
34.78583333333333	132.3813888888889	阿佐山
34.79222222222222	132.3427777777778	天狗石山
34.80222222222222	132.23888888888888	雲月山
34.74777777777778	132.20138888888888	大佐山
34.69	132.19666666666666	臥龍山
34.65	132.20666666666665	深入山
34.595555555555556	132.12972222222223	恐羅漢山
34.56527777777777	132.14222222222222	十方山
34.41583333333333	132.21694444444444	大峯山
34.468611111111116	132.07611111111112	冠山
34.467222222222226	132.05444444444444	寂地山
34.477222222222224	131.96722222222223	安蔵寺山
34.41694444444444	132.00861111111112	小五郎山
34.355555555555554	132.06722222222223	羅漢山
34.376666666666665	131.83916666666667	鈴ノ大谷山
34.318333333333335	131.8997222222222	平家ヶ岳
34.25055555555556	131.89638888888888	馬糞ヶ岳
34.3325	131.7777777777778	莇ヶ岳
34.46222222222222	131.79805555555555	青野山
34.43833333333333	131.6952777777778	十種ヶ峰
34.65222222222222	131.61333333333331	高山
34.21083333333333	131.40944444444446	西鳳翩山
34.07333333333334	131.6302777777778	大平山
34.305277777777775	131.30277777777778	桂木山
34.28388888888889	131.2211111111111	花尾山
34.31111111111111	131.0427777777778	天井ヶ岳
34.21472222222223	130.9763888888889	狗留孫山（御岳）
34.068333333333335	130.93583333333333	竜王山
34.515277777777776	134.3175	嶮岨山<星ヶ城山>
34.43333333333333	133.36833333333334	熊ヶ峰
34.23916666666667	133.0213888888889	鷲ヶ頭山
34.279444444444444	132.31944444444443	弥山
33.85305555555556	132.14222222222222	皇座山
34.361111111111114	134.14138888888888	五剣山（八栗山）
34.32972222222222	133.9525	大平山
34.27444444444444	133.84583333333333	飯野山（讃岐富士）
34.196666666666665	133.78861111111112	象頭山<大麻山>
34.19416666666666	134.19666666666666	矢筈山
34.123333333333335	134.12694444444446	大滝山
34.11555555555556	134.04833333333332	竜王山
34.11527777777778	133.93972222222223	大川山
34.03527777777778	133.72305555555556	雲辺寺山
33.90277777777778	132.9597222222222	東三方ヶ森
33.94583333333333	132.85	高縄山
34.06111111111111	134.51638888888888	眉山
33.962500000000006	134.50944444444445	中津峰山
33.87416666666667	134.51972222222224	太竜寺山
34.01722222222222	134.19583333333332	高越山
33.905833333333334	134.29472222222222	雲早山
33.92333333333333	134.09972222222223	八面山
33.853611111111114	134.09416666666667	剣山
33.87416666666667	134.09	剣山<丸笹山>
33.86694444444444	134.03916666666666	塔丸
33.925	133.975	矢筈山
33.92472222222222	133.84416666666667	中津山
33.9075	133.78472222222223	国見山
33.82694444444445	133.94333333333333	天狗塚
33.839444444444446	133.98777777777775	三嶺
33.809999999999995	133.99305555555554	白髪山
33.78472222222222	134.055	石立山
33.759166666666665	133.7513888888889	梶ヶ森
33.69472222222222	134.10999999999998	甚吉森
33.61888888888889	134.06777777777776	天狗森
33.54694444444444	134.08194444444444	鐘ヶ龍森
33.855555555555554	133.57999999999998	工石山
33.816111111111105	133.59083333333334	白髪山
33.746944444444445	133.35916666666665	稲叢山
33.66972222222222	133.50611111111112	工石山
33.919444444444444	133.45805555555555	赤星山
33.875	133.375	東赤石山
33.82805555555556	133.27472222222224	笹ヶ峰
33.78805555555555	133.24805555555554	伊予富士
33.79472222222222	133.19333333333333	瓶ヶ森
33.76777777777777	133.11499999999998	石鎚山<天狗岳>
33.75861111111111	133.0938888888889	二ノ森
33.731944444444444	133.16111111111112	筒上山
33.73388888888889	132.98472222222222	石墨山
33.70527777777778	132.76527777777778	障子山
33.605555555555554	132.55472222222224	壺神山
33.535	132.46527777777777	出石山
33.5175	132.6327777777778	神南山
33.34388888888889	132.75583333333333	御在所山
33.55555555555555	132.92249999999998	笠取山
33.57555555555556	133.04666666666665	中津山（明神山）
33.44083333333333	133.06305555555556	不入山
33.441111111111105	133.25944444444445	蟠蛇森
33.35638888888889	133.0511111111111	鈴ヶ森
33.17722222222222	133.15083333333334	五在所ノ峯
33.16	132.87666666666666	堂が森
33.20861111111111	132.63472222222222	高月山
33.18833333333333	132.63527777777776	三本杭
33.05583333333333	132.65916666666666	篠山
32.8575	132.85027777777776	今ノ山
33.85944444444445	130.91722222222222	足立山（霧ヶ岳）
33.78055555555555	130.90944444444446	貫山
33.742222222222225	130.8038888888889	福智山
33.51222222222222	131.00166666666666	犬ヶ岳
33.476111111111116	130.9261111111111	英彦山
33.48638888888889	130.76777777777778	馬見山
33.68722222222222	130.54916666666668	犬鳴山（熊ヶ城）
33.55555555555555	130.5838888888889	三郡山
33.44277777777778	130.5102777777778	基山
33.436388888888885	130.3686111111111	脊振山
33.47	130.0991666666667	浮嶽
33.33888888888889	130.14277777777778	天山
33.58305555555556	131.60166666666666	両子山
33.43472222222222	131.25277777777776	鹿嵐山
33.28666666666666	131.4297222222222	鶴見岳
33.282222222222224	131.39027777777778	由布岳（豊後富士）
33.231388888888894	131.13055555555556	万年山
33.14	131.16444444444446	涌蓋山
33.08583333333333	131.24888888888887	くじゅう連山<中岳>
33.105555555555554	131.2927777777778	くじゅう連山<黒岳>
33.095	131.28055555555556	くじゅう連山<大船山>
33.10388888888889	131.24638888888887	くじゅう連山<三俣山>
33.090833333333336	131.23250000000002	くじゅう連山<星生山>
33.08222222222223	131.2408333333333	くじゅう連山<久住山>
32.88444444444444	131.1038888888889	阿蘇山<高岳>
32.88361111111111	131.14444444444444	阿蘇山<根子岳（猫岳）>
32.88361111111111	131.09694444444446	阿蘇山<中岳>
32.8925	131.05805555555557	阿蘇山<杵島岳>
32.87361111111111	131.05805555555557	阿蘇山<烏帽子岳>
33.30305555555555	130.7227777777778	鷹取山
33.1875	130.88916666666665	釈迦岳
33.096944444444446	130.90833333333333	酒呑童子山
33.105555555555554	130.8175	国見山
32.984722222222224	130.5275	筒ヶ岳
32.814166666666665	130.63888888888888	金峰山
33.21388888888889	129.90222222222223	黒髪山
33.23694444444445	129.8127777777778	国見山
33.09055555555556	129.92138888888888	虚空蔵山
32.987500000000004	130.07638888888888	多良岳<経ヶ岳>
32.97555555555556	130.0927777777778	多良岳
32.95805555555556	130.07666666666665	多良岳<五家原岳>
32.76	130.29222222222222	雲仙岳<普賢岳>
32.76138888888889	130.29888888888888	雲仙岳<平成新山>
32.91361111111111	129.7447222222222	長浦岳
32.67027777777778	129.8563888888889	八郎岳
34.57194444444445	129.38166666666666	御岳<雄岳>
34.26416666666667	129.2497222222222	白嶽
34.20444444444445	129.265	有明山
34.177499999999995	129.22611111111112	矢立山
32.93333333333333	129.05305555555557	山王山（雄嶽）
32.69833333333333	128.6811111111111	父ヶ岳
32.95305555555556	131.64583333333331	佩楯山
32.83888888888889	131.47583333333333	傾山
32.73777777777778	131.51305555555555	大崩山
32.62583333333333	131.57222222222222	行縢山
32.82805555555556	131.34694444444446	祖母山
32.80277777777778	131.36444444444444	古祖母山
32.63472222222222	131.2875	諸塚山
32.57972222222222	131.105	向坂山
32.54722222222222	131.01833333333334	国見岳
32.473333333333336	130.94694444444445	上福根山
32.370555555555555	131.07611111111112	江代山（津野岳）
32.31166666666666	131.1011111111111	市房山
32.30027777777777	131.16777777777776	石堂山
32.299166666666665	131.42666666666665	尾鈴山
32.37138888888889	130.7777777777778	仰烏帽子山
32.150277777777774	130.94333333333333	白髪岳
32.187777777777775	130.61416666666665	国見山
32.12277777777778	130.40055555555557	矢筈岳
31.980833333333333	130.3675	紫尾山（上宮山）
31.76888888888889	131.26944444444444	鰐塚山
31.934166666666666	130.86166666666665	霧島山<韓国岳>
31.909444444444442	130.8863888888889	霧島山<新燃岳>
31.886388888888888	130.9188888888889	霧島山<高千穂峰>
31.48611111111111	130.8186111111111	高隈山<大箆柄岳>
31.460277777777776	130.82055555555556	高隈山<御岳>
31.264166666666668	130.98999999999998	甫与志岳
31.123333333333335	130.88472222222222	稲尾岳
31.592499999999997	130.65666666666667	御岳（北岳）
31.734444444444445	130.44833333333332	八重山
31.748611111111113	130.3311111111111	冠岳（西岳）
31.455277777777777	130.46388888888887	熊ヶ岳
31.467777777777776	130.38305555555556	金峯山
31.404444444444443	130.15833333333333	野間岳
31.18	130.52833333333334	開聞岳
32.42777777777778	130.32694444444445	倉岳
32.39944444444444	130.0938888888889	角山
31.723055555555554	129.73944444444444	尾岳
30.74361111111111	131.05333333333334	天女ヶ倉
30.793055555555558	130.3052777777778	硫黄岳
30.828333333333333	129.9375	櫓岳
30.443333333333335	130.21722222222223	古岳
30.33611111111111	130.50416666666666	宮之浦岳
30.342777777777776	130.49249999999998	永田岳
30.256666666666667	130.56416666666666	モッチョム岳
29.968055555555555	129.92555555555555	前岳
29.859166666666667	129.85694444444445	御岳
29.903055555555553	129.54166666666666	御岳
29.638333333333332	129.71388888888887	御岳
29.465	129.59472222222223	御岳
29.144444444444445	129.20805555555555	イマキラ岳
28.800833333333333	128.9947222222222	[横当島]
28.296111111111113	129.3211111111111	湯湾岳
27.77861111111111	128.98305555555555	井之川岳
27.36916666666667	128.56666666666666	大山
26.716944444444443	128.2186111111111	与那覇岳
26.635555555555555	127.92833333333334	八重岳
26.479444444444443	127.87472222222222	恩納岳
24.427222222222223	124.18333333333334	於茂登岳
24.359166666666667	123.89111111111111	古見岳
24.452777777777775	123.00555555555556	宇良部岳
